	AM-AD-1	AM-AD-2	AM-F10-T1	AM-F10-T2	DA-AD-1	DA-AD-1T	DA-AD-2	DA-AD-3	DA-AD-3T	DA-AD-4	ES-AD-1	ES-AD-2	ES-AD-3	ES-AD-4	FR-AD-1	FR-AD-2	FR-AD-3	FR-AD-4	FR-AD-5	FR-AD-6	FR-AD-7	FR-AD-8	IT-AD-1	IT-AD-2	IT-AD-3	IT-AD-4	IT-AD-5	IT-AD-6	JP-AD-1	JP-AD-2	JP-AD-3	JP-AD-4	JP-AD-5	JP-AD-6	JP-AD-7	JP-AD-8	JP-AD-9	JP-IN-1	JP-IN-2	JP-IN-3	JP-IN-4
Unclassified	0.42650351	0.33226194	0.48195467	0.38858308	0.53360402	0.62499134	0.634708	0.77980981	0.80526766	0.76409898	0.25166833	0.42712689	0.39126977	0.54793011	0.55142206	0.58294733	0.43972306	0.51493838	0.53477659	0.52810766	0.47944266	0.4619468	0.42361617	0.4887351	0.44199058	0.3581634	0.62080827	0.55810012	0.29351697	0.52700195	0.53048339	0.38604492	0.58345103	0.32948505	0.19526355	0.36281206	0.38732586	0.57703516	0.07864845	0.10810843	0.46189138
Bacteria	0	0	0	0	0	0	0.00001328	0	0	0	0	0	0	0	0	0	0	0	0	0	0	0	0	0	0	0	0	0	0	0	0	0	0	0	0	0	0	0	0	0	0
Prosthecochloris	0	0	0	0	0	0	0	0	0	0	0	0	0	0	0	0	0	0	0	0	0	0	0	0	0	0	0	0	0	0	0.00003015	0	0	0	0	0	0	0	0	0	0
Chloroflexus	0	0	0	0	0	0.00000081	0	0	0	0	0	0	0	0	0	0	0	0	0	0	0	0	0	0	0	0	0	0	0	0	0	0	0	0	0	0	0	0	0	0	0
Dehalococcoides	0	0.00026835	0.00000959	0	0	0	0.0000203	0	0	0.00008728	0.00004637	0	0	0.00006032	0	0	0.00004266	0.00005681	0.00003315	0.00003614	0	0.00003769	0.00113611	0	0.00003959	0	0	0.00011117	0	0	0.00011227	0	0	0	0	0	0	0	0	0	0
Thermus	0	0	0	0.00000424	0	0	0	0	0	0	0	0	0	0	0	0	0	0	0	0	0	0	0	0	0	0	0	0	0	0	0	0	0	0	0	0	0	0	0	0	0
Listeria	0	0	0	0	0	0	0	0	0.00000243	0	0	0	0	0	0	0	0	0	0	0	0	0	0	0.00002023	0	0	0	0	0	0	0	0	0	0	0	0	0	0	0.00003534	0	0
Fusobacterium	0	0.00001508	0	0	0	0.00003181	0.00000852	0	0.0000058	0	0	0	0	0.00002181	0	0	0.00003662	0.00004468	0	0.00001551	0	0	0	0	0	0.00004409	0	0	0	0.00004689	0	0.00005281	0.00005002	0.00011665	0.00623069	0.00002512	0	0	0	0.00005202	0
Streptobacillus	0	0	0	0.00000471	0	0	0	0.00005138	0.00005987	0	0	0	0	0	0	0	0	0	0	0	0	0	0	0	0.000035	0	0	0	0.00002841	0	0	0	0	0	0	0	0	0	0	0	0
Brevibacillus	0	0	0	0	0	0.00000067	0.00000237	0	0.00000246	0	0	0	0	0	0	0	0	0.00000884	0	0	0	0	0	0.00000956	0	0	0	0	0	0	0	0	0	0	0	0	0	0	0	0	0
Unclassified Acidobacteria	0	0	0	0	0	0	0	0	0.00000161	0	0	0	0	0	0	0	0	0	0	0	0	0	0	0	0	0	0	0	0	0	0	0	0	0	0	0	0	0	0	0	0
Paenibacillus	0	0	0.00000392	0	0.00000552	0.00000499	0	0.00000559	0.00000185	0.00000397	0	0	0	0.00000207	0.00001469	0.00001593	0.0000088	0.00004508	0	0	0.00000772	0	0	0	0	0	0	0.00001068	0	0	0	0	0.00001192	0	0	0	0	0	0	0	0
Bartonella	0	0	0	0	0.00003268	0.00000537	0	0	0	0.00003945	0	0	0	0	0	0	0	0	0	0	0	0	0	0	0	0	0	0	0	0	0	0	0	0	0	0	0	0	0	0	0
Beijerinckia	0	0	0	0	0	0	0	0	0	0.00000684	0	0	0	0	0	0	0	0	0	0	0	0	0	0	0	0	0	0	0	0	0	0	0	0	0	0	0	0	0	0	0
Bradyrhizobium	0	0	0	0	0	0	0	0	0	0	0	0	0	0	0	0	0	0	0	0	0	0	0	0	0	0	0	0	0.00001037	0	0.00003624	0	0.00002089	0	0.00002373	0	0	0	0	0	0
Brucella	0	0	0	0	0	0	0	0	0	0.00003322	0	0	0.00000898	0	0	0	0	0	0	0	0	0	0	0	0	0	0	0	0	0	0	0	0	0	0	0	0	0	0	0	0
Methylobacterium	0	0	0	0	0	0	0.00000491	0	0.00000164	0	0	0	0	0	0	0.00000934	0	0	0	0	0	0	0	0	0	0	0	0	0	0	0.00001357	0	0	0	0	0	0	0	0	0	0
Mesorhizobium	0	0	0	0	0	0.00000121	0	0	0	0	0	0	0	0.0000042	0	0	0	0	0	0	0	0	0	0	0	0	0	0	0	0	0	0	0	0	0	0	0	0	0	0	0
Rhizobium	0	0	0	0	0	0.00000179	0	0	0	0	0	0	0	0	0	0	0	0	0	0	0	0	0	0	0	0	0	0	0	0	0	0	0	0	0	0	0	0	0	0	0
Parvibaculum	0	0	0	0	0	0.00000054	0	0	0	0	0	0	0.00000759	0.00000755	0	0	0	0	0	0	0	0	0	0	0	0	0	0	0	0	0	0	0	0	0	0	0	0	0	0	0
Paracoccus	0	0	0	0	0	0	0	0	0	0	0	0	0	0	0	0	0	0	0	0	0	0	0	0	0	0	0	0	0	0	0	0	0	0	0	0	0	0	0	0	0.0000208
Gluconacetobacter	0	0	0	0	0	0	0	0	0	0	0	0	0	0	0	0	0	0	0	0	0	0	0	0	0	0	0	0	0	0	0	0	0.00002203	0	0	0	0	0	0	0	0
Granulibacter	0	0	0	0	0	0	0	0	0	0.00001579	0	0.00003226	0	0	0	0	0	0	0	0	0	0	0	0	0	0	0	0	0	0	0	0	0	0	0	0	0	0	0	0	0
Gemella	0	0.00004171	0.00000745	0	0	0	0	0	0.00000351	0	0	0.0000154	0	0	0	0	0	0	0	0	0	0	0	0	0	0	0	0	0	0	0	0	0	0	0	0	0	0	0	0	0
Azospirillum	0	0	0	0	0	0.00000064	0	0	0	0.00002583	0	0	0	0	0	0	0	0	0	0	0	0	0	0	0	0	0	0	0	0	0	0	0	0	0	0	0	0	0	0	0
Macrococcus	0	0	0	0.00000373	0	0	0	0	0	0.00001356	0	0	0	0	0	0	0	0	0	0.00002526	0	0	0	0	0	0	0	0	0	0	0	0	0	0	0	0	0	0	0	0	0
Magnetospirillum	0	0	0	0	0	0.00000299	0	0	0	0.00002678	0	0	0	0	0	0.00002285	0	0	0	0	0	0.00001115	0	0	0	0	0	0	0	0	0	0	0	0	0	0	0	0	0	0	0
Rhodospirillum	0	0	0	0	0.00000646	0.00000342	0	0	0	0.0000262	0	0.00000669	0.00002504	0	0	0.00001303	0	0	0	0	0	0	0	0	0	0	0	0	0	0	0	0	0	0	0	0	0	0	0	0	0
Staphylococcus	0.00003033	0	0.00002262	0.00000785	0	0.00000629	0	0	0.00000494	0	0	0	0	0	0	0	0	0	0	0	0	0.00007242	0.00001054	0.00000722	0	0	0	0	0.00005576	0.00001444	0	0	0.00030332	0	0	0	0	0.0005199	0.00005072	0.00016138	0.00047294
Rickettsia	0	0	0	0	0	0.00000382	0	0	0	0	0	0	0	0	0	0	0	0	0	0	0	0	0	0	0	0	0	0	0	0	0	0	0	0	0	0	0	0	0	0	0
Pelagibacter	0.0000654	0	0	0	0	0	0	0	0	0	0	0	0	0	0	0	0	0	0	0	0	0	0	0	0	0	0	0	0	0	0	0	0	0	0	0	0	0	0	0	0
Erythrobacter	0	0	0	0	0	0	0	0	0	0	0	0.00000954	0	0	0	0	0	0	0	0	0	0	0	0	0	0	0	0	0	0	0	0	0	0	0	0	0	0	0	0	0
Sphingobium	0	0	0	0	0	0.00000202	0	0	0	0	0	0	0	0	0	0	0	0	0	0	0	0	0	0	0	0	0	0	0	0	0	0	0	0	0	0	0	0	0	0	0
Achromobacter	0	0	0	0	0	0.00000104	0	0	0	0	0	0	0	0	0	0	0	0	0	0	0	0	0	0	0	0	0	0	0	0	0.0000134	0	0.00000696	0	0	0.00004287	0	0	0	0	0.00007744
Bordetella	0	0	0	0.00000356	0.00002744	0.00000626	0	0.00001212	0.00000578	0.00001294	0.00002862	0.00001242	0.00001792	0.00001157	0	0.00001299	0.00001581	0.00001275	0	0	0.00001679	0	0	0	0	0	0.00001036	0.00001237	0.00001541	0	0	0.0000171	0	0	0.0000428	0	0	0	0	0	0.00006654
Burkholderia	0	0	0	0.0000009	0.00001708	0.00000202	0	0.00000664	0.00000673	0.00001697	0.00002583	0.00000496	0.00000804	0.00000365	0.00000607	0.00003918	0.00000734	0.00000901	0	0.00001049	0.00002886	0.00001077	0	0.0000088	0.00001155	0	0	0.00000663	0.00000544	0.00000925	0.00004766	0	0.00000494	0.00001907	0	0	0	0.00004403	0	0	0.00000637
Cupriavidus	0	0	0	0	0	0.00000575	0	0	0.00000112	0	0	0.00000474	0	0.00000392	0	0	0	0	0	0	0	0	0	0	0	0	0	0	0	0	0.00000525	0	0	0	0	0	0	0	0.00001032	0	0.00003438
Polynucleobacter	0	0	0	0	0	0.00000197	0	0	0	0	0	0	0	0	0	0	0	0	0	0	0	0	0	0	0	0	0	0	0	0	0	0	0	0	0	0	0	0	0	0	0
Ralstonia	0	0	0	0	0	0.00000083	0	0	0	0.00001023	0.00000228	0.00000586	0	0.00000198	0.00000352	0	0	0	0	0.00000356	0	0	0	0.00000807	0	0	0	0	0.000019	0.00001615	0	0	0	0	0.0000206	0	0	0.00004686	0	0	0.00005149
Acidovorax	0	0	0.00000263	0	0	0.00000079	0	0	0	0	0	0	0	0	0	0	0	0	0	0	0	0	0	0	0	0	0	0	0	0	0	0	0.00000533	0	0	0	0	0	0	0	0.00003562
Comamonas	0	0	0	0	0	0	0	0	0	0	0	0	0	0	0	0	0	0	0	0	0	0	0	0	0	0	0	0	0	0	0	0	0.00030015	0	0	0	0	0	0	0	0
Delftia	0	0	0	0	0	0.00000105	0	0	0	0	0	0	0	0	0	0	0	0	0	0	0	0	0	0	0	0	0	0	0	0	0	0	0.00013287	0	0.00001596	0.00001299	0	0	0	0	0.00001056
Diaphorobacter	0	0	0.00000317	0	0.00000549	0.00000207	0	0	0	0.00000696	0	0.00000767	0	0	0.00000692	0	0	0.00001466	0	0	0	0	0	0	0.00000766	0	0	0	0	0	0	0.00001588	0.00009755	0	0	0	0.00001208	0	0	0	0
Polaromonas	0	0	0	0	0	0.00000096	0	0	0	0	0	0	0	0	0	0	0	0	0	0	0	0	0	0	0	0	0	0	0	0	0	0	0	0	0	0	0	0	0	0	0
Rhodoferax	0	0	0	0	0	0.0000018	0	0	0.0000007	0	0	0	0	0	0	0	0	0	0	0	0	0	0	0	0	0	0	0	0	0	0	0	0	0	0	0	0	0	0	0	0
Variovorax	0	0	0	0	0	0	0	0	0.00000049	0	0	0	0	0	0	0.0000042	0	0	0	0	0	0	0	0	0	0	0	0	0	0	0	0	0	0.00000739	0	0	0	0	0	0	0
Verminephrobacter	0	0	0	0	0	0	0	0	0	0	0	0	0	0	0	0	0	0	0	0	0	0	0	0.00001082	0	0	0	0	0	0	0	0	0	0	0	0	0	0	0	0	0
Herminiimonas	0	0	0	0	0	0	0	0	0	0	0	0	0	0	0	0	0.00000839	0	0	0	0	0	0	0	0	0	0	0	0	0	0	0	0	0	0	0	0	0	0	0	0
Oxalobacter	0	0.00001572	0.00003369	0.00001561	0.00001158	0.00000734	0.00026468	0.00009112	0.00004635	0.00013443	0.00002082	0.00003772	0.00004225	0.00002159	0.00006282	0.00008513	0.00005622	0.00004437	0.00009708	0.00007407	0.00003314	0.00000552	0.00011674	0.00009197	0.00004251	0.00001102	0.00002183	0.0001598	0.00007528	0.00009597	0.00007123	0.00001201	0	0.00001326	0.00010764	0	0.00003657	0	0	0.00001273	0
Leptothrix	0	0	0	0	0.00000115	0.00000389	0	0	0	0.00000968	0	0.00000198	0.00000606	0	0.00000535	0.00005817	0	0	0	0	0	0	0	0	0	0	0	0	0	0	0	0.00003683	0	0.00002034	0	0	0	0	0	0	0
Methylibium	0	0	0	0	0	0.00000088	0	0	0	0	0.00000211	0	0	0.00001705	0	0.00000468	0	0.00001376	0	0	0	0	0	0	0	0	0	0	0	0	0	0	0	0	0	0	0	0	0	0	0
Thiomonas	0	0	0	0	0	0.00000125	0	0	0	0	0	0	0	0	0	0	0	0	0	0	0	0	0	0	0	0	0	0	0	0	0	0	0	0	0	0	0	0	0	0	0
Thiobacillus	0	0	0	0	0	0	0	0	0.0000114	0	0	0	0	0	0	0	0	0	0	0	0	0	0	0	0	0	0	0	0	0	0	0	0	0	0.00003713	0	0	0	0	0	0
Methylobacillus	0	0	0	0	0	0	0	0	0.00000223	0	0	0	0	0	0	0	0	0	0	0	0	0	0	0	0	0	0	0	0	0	0.00000925	0	0.00002882	0	0	0	0	0.00005039	0	0	0
Unclassified Neisseriaceae	0	0	0	0	0	0.00000196	0	0	0	0	0	0	0	0	0	0	0	0	0	0	0	0	0	0	0	0	0.00012616	0	0	0	0	0	0	0	0	0	0	0.00002299	0	0	0
Chromobacterium	0	0	0	0	0	0.00000268	0	0.00000599	0.00000279	0	0	0.00000123	0.00000834	0	0.00000553	0	0	0	0	0	0	0	0	0	0	0	0	0	0	0	0	0	0	0	0	0	0	0	0	0	0
Kingella	0	0	0	0	0	0	0	0	0	0	0	0	0	0	0	0	0	0	0	0	0	0	0	0	0	0.00002297	0	0	0	0	0	0	0	0	0	0	0	0	0	0	0
Laribacter	0	0	0	0	0	0	0	0.00000898	0	0	0	0	0	0	0	0	0	0	0	0	0	0	0	0	0	0	0	0	0	0	0	0	0	0	0	0	0	0	0	0	0
Abiotrophia	0.00002094	0	0	0.00006518	0.00002752	0.00000208	0	0	0.00000325	0.00001395	0	0	0	0	0	0	0	0	0	0.00002599	0	0	0	0	0	0	0	0	0	0	0.00004037	0	0.00004191	0	0	0	0	0	0	0	0
Neisseria	0	0	0.00000376	0	0	0.00000299	0	0	0	0.00004796	0.0000091	0	0	0	0	0.000011	0	0	0	0	0.00002961	0	0	0	0	0	0	0.00004259	0	0	0	0	0	0	0	0	0	0.00003871	0	0	0
Simonsiella	0	0	0	0	0	0	0	0	0	0	0	0	0	0	0	0	0	0	0	0	0	0	0	0	0	0	0	0.00002257	0	0	0	0	0	0	0	0	0	0	0	0	0
Aerococcus	0	0	0	0	0	0	0	0	0	0	0	0	0	0	0	0	0	0	0	0.00004854	0	0.00001841	0	0	0	0	0	0	0	0	0	0	0	0	0	0	0	0	0.00016755	0	0
Nitrosomonas	0	0	0	0.00000196	0	0	0	0	0	0	0.00000854	0	0	0	0	0	0	0	0	0	0	0	0	0.00009201	0	0	0.00017774	0	0	0	0	0	0	0	0	0	0	0	0	0	0
Nitrosospira	0	0	0	0	0	0	0	0	0.00000208	0	0	0	0	0	0	0	0	0	0	0	0	0	0	0	0	0	0	0	0	0	0	0	0	0	0	0	0	0	0	0	0
Azoarcus	0	0	0	0	0	0.00000291	0	0	0.00000154	0	0	0	0.00000679	0	0	0.00001297	0	0	0	0	0	0	0	0	0	0	0	0	0	0	0	0	0	0	0	0	0	0	0	0	0
Thauera	0	0	0	0	0	0.00000094	0	0	0	0	0	0	0	0	0	0	0	0	0	0.00002166	0	0	0	0.00026334	0	0	0	0	0	0.00001785	0	0	0.0000127	0	0	0.00000978	0	0.00009621	0	0	0
Desulfotalea	0	0	0	0	0	0	0	0	0	0	0	0	0	0	0	0	0	0	0	0	0	0	0	0	0	0	0.00001555	0	0	0	0	0	0	0	0	0	0	0	0	0	0
Desulfovibrio	0	0	0	0.00000658	0.0031502	0.00080233	0.00400686	0.00021633	0.00004392	0.00801665	0.00008171	0.0027444	0.00009208	0.00008126	0.00021852	0.00326499	0.00332383	0.00005824	0.00598123	0.00270433	0.00018837	0.00476842	0.01611312	0.000042	0.00003095	0.00028364	0.00018181	0.00435918	0.00034148	0.00071886	0.00044932	0.00739444	0.00009165	0.00018817	0.0000376	0.00001231	0.00007301	0	0	0	0.00009973
Lawsonia	0.00008809	0.00005412	0.000029	0.000043	0	0.00000583	0.0000307	0	0	0.00003911	0.00002338	0.00001998	0.00008498	0.00006082	0.00003605	0	0	0.00003819	0.00008356	0	0.00013313	0.000057	0.00010049	0	0	0	0	0	0.000162	0	0.0001698	0	0	0.0000685	0	0.00006033	0.00006295	0	0	0	0
Pelobacter	0	0	0	0.00000214	0	0	0	0	0	0	0	0	0	0	0	0	0	0	0	0	0	0	0	0	0	0	0	0	0	0	0	0	0	0	0	0	0	0	0	0	0
Geobacter	0	0	0	0	0	0.00000111	0	0.00001821	0.00000129	0	0	0	0	0	0	0	0	0	0.00000694	0.00001034	0	0	0	0	0	0.00001076	0	0	0	0	0	0	0	0	0	0	0	0	0	0	0
Anaeromyxobacter	0	0	0	0	0	0.00000169	0	0	0.00000063	0	0	0	0	0	0	0	0	0	0	0	0	0	0	0	0	0	0	0	0	0	0	0	0	0	0	0	0	0	0	0	0
Syntrophus	0	0	0	0	0.00000884	0	0	0	0	0	0	0	0	0	0	0	0	0	0	0	0	0	0	0	0	0	0	0	0	0	0	0	0	0	0	0	0	0	0	0	0
Granulicatella	0.00002198	0.00012153	0.00000724	0.00001227	0	0.00000218	0	0	0.00000341	0	0.0000175	0.00001533	0.00000763	0.00001518	0	0	0.0000322	0	0	0.00010944	0	0.00002845	0	0	0.00005976	0.00008518	0.00014068	0	0	0	0	0	0	0	0	0	0	0	0	0.00001094	0.00021375
Campylobacter	0	0	0.00000865	0.00000477	0.00001247	0.00000455	0	0	0.00002714	0	0.00001991	0	0	0	0	0.00003316	0	0	0	0.00005458	0.00002702	0	0	0	0	0	0	0	0	0	0	0	0	0	0	0	0	0	0	0	0
Helicobacter	0	0	0.00656255	0.00016346	0	0.0000026	0	0	0.00000812	0	0	0	0	0.00001809	0	0	0	0	0	0	0	0.00003391	0	0.00002543	0	0	0	0	0	0	0	0	0	0	0	0	0	0.0000738	0	0	0
Aeromonas	0	0	0	0	0	0	0	0	0	0	0	0	0	0	0	0	0	0	0	0	0	0	0	0	0.00000409	0	0	0	0	0	0	0	0	0	0	0	0	0.00001052	0	0	0
Tolumonas	0	0	0	0	0	0	0	0	0.00000191	0.00001642	0	0	0	0	0	0	0	0	0	0	0	0	0	0	0	0	0	0	0	0	0	0	0	0	0	0	0	0	0	0	0
Idiomarina	0	0	0	0	0	0	0	0.00001003	0	0	0	0	0	0	0	0	0	0	0	0	0	0	0	0	0	0	0	0	0	0	0	0	0	0	0	0	0	0	0	0	0
Shewanella	0	0	0	0	0	0	0	0	0	0	0.00000366	0	0	0	0	0	0	0	0	0.00003295	0	0.00001286	0	0.00007534	0	0	0	0	0	0	0.00003218	0.00001763	0	0	0	0	0	0.00016873	0	0	0
Cardiobacterium	0	0	0	0	0	0	0	0	0	0	0	0	0	0	0	0	0	0	0	0	0	0	0	0	0	0	0.00002073	0	0	0	0	0	0	0	0	0	0	0	0	0	0
Nitrosococcus	0	0	0	0	0	0	0	0	0	0	0	0	0	0	0	0	0	0	0	0	0	0.00003255	0	0	0	0	0	0	0	0	0	0	0	0	0	0	0	0	0	0	0
Enterococcus	0.00605774	0.000493	0.00007221	0.00361745	0.00009719	0.0000614	0.00004103	0.00012505	0.00008555	0.00010678	0.00242827	0.00004249	0.00060557	0.00090945	0.00016616	0.00028561	0.00130696	0.00030653	0.00012083	0.01858714	0.00037467	0.00040599	0.00113673	0.00007629	0.00008879	0.00005253	0.00165846	0.00007738	0.00052874	0.00002543	0.00116993	0.00001772	0.00016095	0.00008273	0.0000859	0.00027512	0.00025397	0.00031637	0.01731977	0.03372868	0.00863725
Thioalkalivibrio	0	0	0.00000407	0	0	0	0	0	0.00000096	0	0	0	0	0	0	0	0	0	0	0	0	0	0	0.00028847	0	0	0	0	0	0	0	0	0	0	0	0	0	0	0	0	0
Unclassified Enterobacteriaceae	0	0	0	0.00000913	0	0	0.00001038	0	0.00000138	0	0	0	0	0.00000411	0	0	0	0.00000295	0	0.00001593	0	0	0.00004977	0.00030093	0.00024722	0	0.00000381	0	0.00003833	0.00014257	0.00082315	0.00014941	0.00000554	0.00006636	0	0	0.0000178	0.02004082	0.00000647	0	0.00271904
Citrobacter	0	0	0	0.00000306	0	0	0	0	0	0	0	0	0	0.00000577	0	0	0	0	0	0.00026683	0	0	0.00002286	0.00050493	0.00016392	0	0.00000267	0	0.00003686	0.00112185	0.00360996	0.00097248	0.00136463	0.00036342	0	0	0.00003507	0.07952276	0.0000159	0	0.01709634
Cronobacter	0	0	0	0	0	0	0	0	0	0	0	0	0	0	0	0	0	0	0	0.00001702	0	0	0	0.00015045	0.00001993	0	0.00000314	0	0	0	0.00005652	0	0	0	0	0	0	0.00110056	0	0	0.00007265
Dickeya	0	0	0	0	0	0	0	0	0	0	0	0	0	0	0	0	0	0	0	0	0	0	0	0.00002499	0.00002415	0	0	0	0	0	0.00002594	0	0	0	0	0	0	0.00014041	0	0	0
Edwardsiella	0	0	0	0	0	0	0	0	0	0	0	0	0	0	0	0	0	0	0	0.00006783	0	0	0	0.00007205	0.00001526	0	0	0	0	0	0.00003305	0	0	0	0.00001437	0	0	0.00075339	0	0	0.00002535
Enterobacter	0	0	0	0	0	0	0	0.00001696	0.00000395	0	0	0	0	0.00002408	0.00000535	0	0	0	0	0.0000334	0	0	0.00000551	0.00123648	0.00038427	0.0000104	0.00002577	0.00001025	0	0.00110551	0.00143472	0.00017539	0.00013411	0.00003033	0	0	0	0.02294262	0.0000194	0	0.00049146
Erwinia	0	0	0	0	0	0	0	0	0	0	0	0	0	0	0	0	0	0	0	0	0	0	0	0.00000775	0.00001019	0	0	0	0	0	0.00002124	0.00002328	0	0	0	0	0	0.0003719	0	0	0
Escherichia/Shigella	0.00011009	0.0000829	0.00014152	0.00123483	0.00004405	0.00002694	0.00212751	0.00250316	0.00120034	0.00000624	0.00091207	0.00004538	0.00002784	0.00009076	0.00030038	0.0004542	0	0.00590702	0.00006469	0.00040554	0.00029503	0.0015657	0.01652006	0.03500444	0.00287044	0.00030524	0.0203329	0.00139779	0.00104637	0.01705974	0.00249338	0.00127593	0.00096908	0.0029443	0.00031351	0.00011033	0.00825083	0.05220009	0.00183129	0.00019246	0.28597625
Klebsiella	0	0	0	0	0	0	0.0000219	0	0.00000122	0	0	0	0	0	0.00000931	0	0	0.00000596	0	0.00006153	0	0.00000327	0.00000806	0.16508034	0.00457223	0	0.00001653	0.00000996	0.00080747	0.0006901	0.00932524	0.00118663	0.00010602	0.00032713	0	0	0	0.2173226	0.00005086	0.00025213	0.004155
Lactobacillus	0.00383395	0.00152296	0.00036833	0.00016338	0.00026047	0.00035285	0.00006486	0.00010554	0.00009079	0.00073073	0.00000961	0.00001352	0.0000413	0.00019559	0.00009738	0.00003504	0.00003878	0.00019907	0.00002261	0.01057079	0.00016387	0.00014537	0.00004602	0.00122088	0.00002695	0.00699451	0.00066765	0.00021884	0.00008964	0.0001024	0	0.00002936	0.00008681	0.0000309	0	0.00012231	0.00054158	0	0.00054413	0.00012682	0.00108848
Pantoea	0	0	0	0	0	0	0	0	0	0	0	0	0	0	0	0	0	0	0	0	0	0	0	0	0.0000062	0	0	0	0	0	0	0	0	0	0	0	0.00007826	0.0001724	0	0	0
Pectobacterium	0	0	0	0	0	0	0	0.00000187	0	0	0	0	0	0	0.00002594	0	0	0	0	0.00003671	0	0	0	0	0.00000574	0	0.00001442	0	0	0	0.00004073	0	0	0	0.00002134	0	0	0.00077774	0	0	0.00002823
Photorhabdus	0	0	0	0	0	0	0	0	0	0	0	0	0	0	0	0	0	0	0	0.00002916	0	0	0	0	0	0	0	0	0	0	0	0	0	0	0	0	0	0.00007343	0	0	0
Proteus	0	0	0	0	0	0	0	0	0	0	0	0	0	0	0.00001293	0	0	0	0	0.00001307	0	0	0	0	0	0	0	0	0	0	0	0	0	0	0	0	0	0	0	0	0
Providencia	0	0	0	0	0	0.00000089	0	0	0	0	0	0	0	0	0	0	0	0	0	0	0	0	0	0	0	0	0	0	0	0	0	0	0.00001798	0	0	0	0	0.00039148	0	0.00001341	0
Salmonella	0	0	0	0.00000327	0	0	0.00000207	0.00000291	0	0.00000599	0	0.00000607	0	0	0	0	0	0.00001153	0	0.00004505	0	0.0000077	0.00002355	0.00021507	0.00010504	0	0.00003878	0.00000223	0	0.00002517	0.00039815	0.00007825	0	0.00004142	0.00001179	0	0	0.00876306	0	0	0.00049657
Serratia	0	0	0	0	0	0	0	0	0	0	0	0	0	0	0.0000148	0	0	0	0	0.00010965	0	0	0	0	0	0	0	0	0	0.00001473	0.00002837	0	0	0.0000278	0.00006187	0.00004842	0	0.0005843	0.0000058	0	0.00030071
Sodalis	0	0	0	0	0	0	0	0	0	0	0	0	0	0	0	0	0	0	0	0	0	0	0	0	0	0	0	0	0	0	0	0	0	0	0	0	0	0.00008775	0	0	0
Pediococcus	0	0	0	0	0	0	0	0	0.00000362	0	0	0	0	0	0	0	0	0	0	0.00020288	0	0	0	0	0	0	0	0	0	0	0	0	0	0	0	0	0	0	0	0	0
Xenorhabdus	0	0	0	0	0	0	0	0	0	0	0	0	0	0	0	0	0	0	0.00002306	0	0	0	0	0	0	0	0	0	0	0	0.00000651	0.0000107	0	0	0	0	0	0	0	0	0
Yersinia	0	0	0	0.00000174	0	0	0	0	0	0.00000601	0	0	0	0	0.00000569	0	0	0.00001206	0	0.00004909	0	0	0	0.0003246	0	0	0.00000994	0	0.0000067	0	0.00001504	0	0	0	0	0	0	0.00147396	0	0	0.00007922
Leuconostoc	0.00004765	0.00003939	0.00000704	0.00000836	0	0	0	0	0.00000382	0	0	0	0	0	0	0	0.00007104	0	0	0	0	0.00004442	0	0	0	0	0	0	0	0	0	0	0	0	0	0	0	0	0.00003522	0	0
Weissella	0	0.00003983	0	0	0	0	0	0	0	0	0	0	0	0	0	0	0	0	0	0	0	0.00001399	0	0	0	0	0	0	0	0	0	0	0	0	0	0	0	0	0	0	0
Lactococcus	0.00078303	0.00249582	0.00016915	0.00033127	0	0.00000354	0	0	0.00001341	0	0.00002024	0	0	0.00018156	0	0	0.00005142	0.0004436	0	0.00017187	0.00004688	0.00078469	0.00002403	0	0	0	0	0	0	0	0	0	0	0	0.00013133	0	0	0	0.00005684	0	0
Unclassified Pasteurellaceae	0	0	0	0	0	0	0	0	0	0	0	0	0	0	0	0	0	0.00002406	0	0	0	0	0	0	0	0	0	0	0	0	0	0	0	0	0	0	0	0	0	0	0
Actinobacillus	0	0	0	0	0.00007525	0.00000063	0	0	0	0	0	0	0	0.00001274	0	0.00002531	0	0	0	0	0	0	0	0	0	0.00003893	0.00004894	0	0	0.00003442	0	0	0	0	0	0	0	0	0	0	0
Aggregatibacter	0	0	0	0	0	0	0	0	0.00002582	0.00001849	0	0.00001259	0	0	0	0.00002453	0.00002711	0.00016847	0	0	0	0	0	0	0	0.00004898	0	0.00009418	0	0	0	0.00003909	0	0	0	0	0	0	0	0	0
Haemophilus	0	0	0	0	0	0.00001151	0	0	0.00005362	0.00005291	0.0000089	0.00007842	0	0	0	0.0001848	0.00003275	0.0004059	0	0.00005743	0	0	0.0000102	0.00003839	0	0.00050136	0.00002862	0.00040344	0	0	0.0000455	0.00004855	0.00009169	0.00005508	0	0	0	0	0	0	0
Histophilus	0	0	0	0	0	0	0	0.00001418	0.00000331	0	0	0	0	0	0	0	0	0	0	0	0	0	0	0	0	0	0	0	0	0	0	0	0	0	0	0	0	0	0	0	0
Streptococcus	0.00003535	0.00897181	0.00093296	0.00194011	0.00009541	0.00013102	0.00020572	0	0.0000776	0.00022021	0.00364222	0.00116403	0.00159819	0.00258593	0.00023384	0.0001184	0.00098646	0.0004922	0.00003012	0.01456284	0.00124293	0.00131552	0.00064815	0.00010587	0.00044381	0.04185805	0.00098054	0.00088458	0.00077432	0.00166855	0.00597102	0.00132236	0.00442693	0.00323627	0.00639396	0.00056375	0.00035939	0.00010794	0.00068801	0.00192389	0.00101581
Pasteurella	0	0	0	0	0	0	0	0	0.00000587	0	0	0	0	0	0	0	0	0.00002466	0	0	0	0	0	0	0	0.00000977	0	0.00002412	0	0	0	0	0	0	0	0	0	0	0	0	0
Acinetobacter	0	0	0	0.00000066	0.00007814	0.00001299	0.00002487	0	0.00006085	0.00001584	0.00001156	0.00000837	0.00000858	0.00000853	0	0	0.00006721	0.00001429	0.00000952	0.00001325	0	0	0.00002469	0.00008996	0.0000646	0	0.00011351	0.00001819	0	0.00002378	0.00002096	0	0.00004866	0	0.00002757	0	0	0	0	0	0.0000896
Enhydrobacter	0	0	0	0	0	0	0	0	0	0	0	0	0	0.00001093	0	0	0	0	0	0	0	0	0	0	0	0	0	0	0	0	0	0	0	0	0	0	0	0	0	0	0
Azotobacter	0	0	0	0	0	0	0	0	0	0	0	0	0	0	0	0	0	0	0	0	0	0	0	0	0	0	0	0	0	0	0	0	0	0	0	0	0	0	0	0	0.00000888
Cellvibrio	0	0	0	0	0	0	0	0.00000124	0	0	0	0	0	0	0	0	0	0	0	0	0	0	0	0	0	0	0	0	0	0	0	0	0	0	0	0	0	0	0	0	0
Pseudomonas	0	0	0	0	0	0.0000006	0	0	0	0	0	0	0	0	0	0	0	0	0	0.0000046	0	0	0	0.00005104	0	0	0	0.00002563	0	0	0.00000452	0	0	0	0	0	0.00001393	0.00000432	0	0	0.0000217
Unclassified Clostridiales	0.00037359	0.00085775	0.00147056	0.00546261	0.00074632	0.00061541	0.00129529	0.00074028	0.00071491	0.00064603	0.00149746	0.00035696	0.00070893	0.00166102	0.00074563	0.00076973	0.00095365	0.00136372	0.00048883	0.00148877	0.00127081	0.00129239	0.00448154	0.00094325	0.00105017	0.00019138	0.00128197	0.00045894	0.00313119	0.00388516	0.00148019	0.00239982	0.00578772	0.00558019	0.00586601	0.00171056	0.00142453	0.00011875	0.00030935	0.00272441	0.00319474
Aliivibrio	0	0	0	0	0	0	0	0	0	0	0	0.00000321	0	0	0.0000058	0	0	0.00000614	0	0	0	0	0	0	0	0	0.00000302	0	0	0	0	0	0	0	0	0	0	0	0	0	0
Photobacterium	0	0.00001247	0	0	0	0	0	0	0	0	0	0	0	0	0	0	0	0	0	0	0	0	0	0	0	0	0	0	0	0	0	0	0	0	0	0	0	0	0	0	0
Vibrio	0	0	0	0.00000185	0	0	0	0.00001568	0	0	0	0	0	0	0	0	0.0000111	0.00001314	0.00000288	0	0	0	0.0000461	0	0	0	0.00000862	0	0	0	0	0	0	0	0	0	0.00001083	0	0	0	0
Stenotrophomonas	0	0	0	0	0	0	0	0	0.00000068	0	0	0	0	0	0	0	0	0	0	0	0	0	0	0	0	0	0	0	0	0	0.00001701	0.0000384	0.00000883	0	0.00006884	0.00009174	0	0.00002058	0.0000063	0.00003073	0.00021673
Xanthomonas	0	0	0	0.00000153	0	0	0	0	0	0	0	0	0	0	0	0	0	0	0	0	0	0	0	0	0	0	0	0	0	0	0.00000797	0	0	0	0	0	0	0	0	0.00002525	0
Brachyspira	0	0	0	0	0	0	0	0	0	0	0	0.00000971	0	0	0	0	0	0	0	0	0	0	0	0	0	0	0	0	0	0	0	0	0	0	0	0	0	0	0	0	0
Treponema	0.00001702	0.0000571	0.00001929	0.00002229	0.00003914	0.00001397	0.0000178	0.00001132	0.00001872	0.00005537	0.00002397	0.00000386	0	0.00005409	0.00001045	0.00004252	0	0.000043	0.00003651	0.00006336	0	0.00006481	0.00003495	0.00004788	0.00001157	0	0.00001089	0.00004332	0.00002359	0.00012237	0	0.00013783	0.00041739	0	0	0.00002197	0.00006082	0	0	0	0
Aminobacterium	0	0	0	0	0	0.00000429	0	0	0	0	0	0	0	0	0	0	0	0	0	0	0	0	0	0	0	0	0	0	0	0	0	0	0	0	0	0	0	0	0	0	0
Aminomonas	0	0	0	0	0	0	0	0	0.00000359	0	0	0	0	0	0	0	0	0	0	0	0	0	0.00001585	0	0	0	0	0	0	0	0	0	0	0	0	0	0	0	0	0	0
Pyramidobacter	0	0	0.00000825	0	0	0.00000332	0	0.00002223	0	0	0	0	0	0	0	0	0	0	0	0.00002073	0.00004328	0	0.00448212	0	0.00001136	0.00030211	0.00083039	0	0	0	0	0	0	0	0	0	0	0	0	0	0
Acholeplasma	0	0	0.00009363	0	0	0.0000099	0.00004957	0	0.00003534	0.0000664	0	0.00004838	0	0	0	0.00041576	0	0	0	0	0	0	0	0	0.00001943	0	0	0	0	0	0	0	0	0	0	0	0	0	0	0	0
Unclassified Entomoplasmataceae	0	0	0.00006163	0	0	0.00000421	0.00029549	0.0000235	0.00000548	0	0	0	0	0	0	0	0	0	0.00004021	0	0	0	0	0	0	0	0	0	0	0	0	0	0	0	0	0	0	0	0	0	0
Mesoplasma	0	0	0.00003553	0	0	0.00000536	0.00003762	0	0.0000251	0	0	0	0	0	0	0	0	0	0.00018426	0	0	0	0	0	0	0	0	0	0	0	0	0	0	0	0	0	0	0	0	0	0
Mycoplasma	0	0	0	0	0	0	0.00365058	0	0	0	0	0	0	0	0.00007897	0	0	0	0	0	0	0	0	0	0	0	0	0	0	0	0	0	0	0	0	0	0	0	0	0	0
Verrucomicrobia	0	0	0	0	0	0.00000186	0	0	0	0	0	0	0	0	0	0	0	0	0	0	0	0	0	0	0	0	0	0	0	0	0	0	0	0	0	0	0	0	0	0	0
Akkermansia	0	0	0.00110539	0.00261134	0.00021111	0.0000606	0.06584182	0.0290503	0.00876977	0	0	0.00015304	0.00000558	0.04946873	0.00861298	0.08688558	0.04399309	0.0124431	0	0	0.01135816	0.0213806	0.01073193	0.01896788	0.0055037	0	0.03012273	0.00312771	0.00070907	0	0.00077418	0.00023757	0.00825079	0.00162419	0	0	0	0	0	0	0.00014312
Opitutus	0	0	0	0	0	0	0	0	0.00000111	0	0	0	0	0	0	0	0	0	0	0	0	0	0	0	0	0	0	0	0	0	0	0	0	0	0	0	0	0	0	0	0
Coraliomargarita	0	0	0	0	0	0	0	0	0.00000177	0.0000076	0	0	0	0	0	0	0	0	0	0	0	0	0	0	0	0	0	0	0	0	0	0	0	0	0	0	0	0	0	0	0
Methanobrevibacter	0.11354698	0.10343604	0.01963307	0.01254332	0	0.00000987	0.00768753	0.00013041	0.00172754	0.00021254	0	0.00021634	0	0	0.0013163	0.0019769	0.00003383	0	0.0124125	0.00831859	0.00019103	0	0	0.00103107	0	0.00056856	0.01651201	0.00550407	0	0.00030779	0	0	0	0	0	0	0	0	0	0	0
Methanosphaera	0.00072647	0	0	0	0	0	0	0	0	0	0	0.00003296	0	0	0.00044597	0.00080256	0	0	0	0	0.00012548	0	0	0	0	0.00009384	0.00117789	0.00052384	0	0	0	0	0	0	0	0	0	0	0	0	0
Methanocella	0	0	0	0	0	0	0	0	0	0	0	0	0	0	0	0	0	0	0	0	0.00001875	0	0	0	0	0	0	0	0	0	0.00002789	0	0	0	0	0	0	0	0	0	0
Cyanobacteria	0	0	0	0	0	0.00000079	0	0	0	0	0	0	0	0	0	0	0	0	0	0	0.00001855	0	0	0	0	0	0	0	0	0	0	0	0	0	0	0	0	0	0	0	0
Family_XII_GpXII	0	0	0	0	0	0	0	0	0	0.00000736	0	0	0	0	0	0	0	0	0	0	0	0	0	0	0	0	0	0	0	0	0	0	0	0	0	0	0	0	0	0	0
Cyanobacteria_Family_XI_GpXI	0	0	0	0	0	0	0.00000511	0	0	0	0	0	0	0	0	0	0	0	0	0	0	0	0	0	0	0	0.00000938	0	0	0	0	0	0	0	0	0	0	0	0	0	0
Family_IX_GpIX	0	0	0	0	0	0.00000119	0	0	0	0	0	0	0	0	0	0	0	0	0	0	0	0	0	0	0	0	0	0	0	0	0	0	0	0	0	0	0	0	0	0	0
Megasphaera	0.00086778	0.00042649	0.00092646	0.00044477	0.00015476	0.00008861	0.00033418	0.00021307	0.00018451	0.00031377	0.00046386	0.00023816	0.00053819	0.00031529	0.00061136	0.00031499	0.00037776	0.00037086	0.00035045	0.00051277	0.000447	0.00050806	0.00168515	0.00015753	0.00026123	0.00004804	0.0004713	0.00044958	0.00077971	0.00303047	0.00450844	0.00088955	0.00072764	0.00011569	0.00010431	0.00027594	0.00062637	0	0	0.00026645	0.00022088
Acidaminococcus	0.00124581	0.00081617	0.00032022	0.00076266	0.00030998	0.00020206	0.00025516	0.00087582	0.00057304	0.00087103	0.01600193	0.00098243	0.01038153	0.00020275	0.00510855	0.00050394	0.00061524	0.00040484	0.00034521	0.00249773	0.00018779	0.0004475	0.00164094	0.00012997	0.00039793	0.00246835	0.00033594	0.00138355	0.08141803	0.02333849	0.00148306	0.00054738	0.00047812	0.00044226	0.00032491	0.00055684	0.00063914	0.00021772	0	0.00004993	0.00516931
Mitsuokella	0.00798553	0.0000153	0.00000273	0	0.00000364	0.00001649	0.00006368	0.00908239	0.00384809	0.00369459	0	0.01625714	0.00007018	0.00000573	0	0	0	0	0.00001891	0	0.00001076	0	0	0	0	0	0	0.00918584	0.00021991	0.06944529	0.09661022	0.00063152	0	0.00011624	0	0.00001137	0	0.0006198	0	0	0.00099867
Selenomonas	0	0.00001541	0.00001101	0.00000306	0	0.00000207	0	0.00001113	0.00000613	0	0	0	0.00006855	0	0	0	0	0	0	0	0	0	0	0	0	0.00002552	0	0	0	0	0	0	0	0	0	0	0	0	0	0	0.00004638
Veillonella	0.00002007	0.00001823	0.00000651	0.00000728	0.00003916	0.00003986	0.00002744	0	0.00008515	0.00009784	0	0.00004087	0.00034428	0.00003185	0.00002429	0.00151315	0.00040472	0.00042535	0	0.00123519	0.00007767	0	0	0	0.00012231	0.00280284	0.00023044	0.00191869	0	0.00007554	0.0001035	0.00016747	0.00004042	0.00064177	0.00078803	0.00008215	0.00003443	0.00169665	0.00009901	0.00101014	0.00717983
Dialister	0.00079008	0.00790476	0.00562585	0.00006611	0	0.00000448	0.00004721	0.00025531	0.00028698	0.00102241	0	0.00001536	0.0000392	0.00061569	0.00033259	0	0	0.00039637	0.0000257	0.0007283	0.03442013	0	0	0.01168568	0.01262322	0.00107894	0.01610915	0	0	0.00046574	0	0.00444688	0.01284327	0.00170289	0	0	0.00059691	0	0	0	0.00010055
Unclassified Ruminococcaceae	0.00638002	0.00499176	0.01167649	0.01143619	0.00281107	0.00154728	0.00750259	0.00717724	0.00572195	0.00544785	0.01126224	0.00374748	0.00565179	0.01357326	0.00837514	0.02307096	0.00431314	0.00444078	0.00348362	0.00559502	0.00796792	0.00661938	0.01516274	0.0090032	0.0042629	0.00039333	0.00969287	0.00428798	0.00173374	0.00612861	0.00322322	0.00565824	0.01415368	0.01446342	0.00254386	0.00503819	0.00485453	0.0002138	0	0.00040564	0.00138664
Subdoligranulum	0.00273856	0.00073319	0.00395948	0.00591211	0.00263982	0.00132548	0.00199408	0.00777291	0.00415587	0.00267676	0.00034208	0.0026944	0.00187032	0.00644963	0.00820862	0.00264418	0.00140032	0.00422087	0.00327884	0.00414118	0.00546116	0.00368108	0.00362128	0.00520344	0.00650212	0.00324237	0.00462379	0.00646474	0.00549311	0.00222814	0.0044739	0.00212653	0.0031863	0.00290493	0.00021084	0.00701326	0.00368731	0.00006152	0	0.00022799	0.00030839
Faecalibacterium	0.02069903	0.0053353	0.08192745	0.07171254	0.01877957	0.01495492	0.00849171	0.02830344	0.01436578	0.03215285	0.03368022	0.03168661	0.05560608	0.03696529	0.08324201	0.03775061	0.03627994	0.04090812	0.04375268	0.02998425	0.05560018	0.02866554	0.0389759	0.04573154	0.07412765	0.03016645	0.01881446	0.05999208	0.14996286	0.06943643	0.13405423	0.1168728	0.02285126	0.04043665	0.00617992	0.04625015	0.13367981	0.00132073	0	0.00132284	0.00455436
Acetivibrio	0.00028056	0.00004105	0.00002636	0.00001585	0.00008708	0.00004554	0.00023424	0.00009686	0.00011944	0.00012719	0.00000784	0.00004392	0.00006315	0.00009987	0.00007488	0.00002953	0.00014607	0.00010436	0.00009601	0.00006846	0.00007053	0.00019623	0.00003177	0.00006919	0.00018195	0.00001439	0.00037358	0.00003468	0.00007675	0.00011354	0.00003578	0.00006848	0.0001253	0.00011692	0.00002984	0.00007146	0.00006336	0	0	0.00009116	0
Anaerotruncus	0.00021478	0.00057256	0.00238015	0.00110223	0.00056448	0.00045403	0.00072407	0.00050842	0.00062525	0.00057018	0.00100182	0.00029164	0.00111811	0.00211454	0.00063571	0.00077411	0.00106756	0.00067345	0.00060033	0.0008995	0.00052295	0.00070485	0.00338248	0.00091583	0.0005566	0.00012634	0.00083951	0.0004429	0.00074907	0.00169769	0.00083542	0.00112824	0.0037657	0.00193953	0.0003897	0.0025836	0.0010957	0	0	0.00004007	0.00019006
Ruminococcus	0.01847423	0.06125294	0.04024466	0.00909014	0.00649973	0.01033409	0.00176278	0.00271001	0.01454849	0.01372323	0.00054458	0.00355777	0.00635559	0.00961088	0.02153144	0.01391232	0.00427214	0.00883805	0.00468216	0.0020204	0.04261553	0.05352079	0.06710775	0.0101686	0.01775003	0.00308346	0.04170391	0.00483945	0.00120289	0.01373417	0.00137493	0.00821235	0.01876608	0.00666102	0.00032425	0.00520158	0.00052699	0.00004439	0	0.00026273	0.00102069
Alkaliphilus	0.00005209	0	0.00000286	0	0	0.00000136	0.00003726	0.00000578	0.00001013	0.00001157	0	0	0	0.00000946	0	0	0	0.00000891	0.00001647	0.00000359	0	0.00001773	0	0.00002443	0	0	0.00006842	0	0	0.00000857	0	0	0	0	0	0	0	0	0	0	0
Clostridium	0.00032483	0.0000842	0.00002557	0.00000937	0.00003532	0.00001455	0.00005041	0.00000725	0.00005416	0.00002209	0.00000578	0	0	0.00002272	0.00003972	0.00012461	0.00004528	0.00008608	0.00010577	0.00019342	0.00008094	0.00003726	0.0000426	0	0.00002284	0.00213229	0.00013273	0.00023009	0	0	0.000049	0.000044	0.00042562	0.00007884	0.00000693	0	0	0.00245946	0.00023496	0.00005043	0.00296132
Symbiobacterium	0	0	0.0000079	0.0000022	0	0.00000119	0	0	0.00000186	0	0	0	0	0	0	0.00001591	0	0	0	0	0	0.00001553	0	0	0	0	0.00001024	0	0	0	0	0	0	0	0	0	0	0	0	0	0
Thermincola	0	0	0	0	0	0.00000086	0	0.00002292	0.00000267	0.00001147	0	0	0	0	0	0	0	0	0	0	0	0	0	0	0	0	0.0000441	0	0	0	0	0	0	0	0	0	0	0	0	0	0
Desulfitobacterium	0.0000054	0	0.0000492	0	0.00001535	0.00000111	0.00000521	0.00004354	0.00000667	0	0	0	0	0.00001098	0.00001991	0.00001075	0	0.0000304	0	0.0000143	0	0.00000967	0	0	0.00001059	0	0	0.00001032	0	0.00001734	0	0.00001579	0.00002433	0	0	0	0	0	0	0	0
Desulfotomaculum	0.00001255	0	0.00000195	0	0.00000779	0.00000211	0.00001483	0.00000789	0.00000476	0.0000079	0	0.00000269	0	0	0	0	0	0.00003086	0.0000135	0	0	0.00001219	0	0	0	0	0	0	0	0	0	0	0	0	0	0	0	0	0	0	0
Pelotomaculum	0	0	0.00000466	0.00000259	0.00000929	0.0000014	0.00000986	0	0.00000219	0	0	0.00000963	0	0	0	0	0	0	0	0	0	0	0	0	0	0	0.00001811	0	0	0	0	0	0	0	0	0	0	0	0	0	0
Finegoldia	0.00004762	0.00002194	0.00001511	0.0000448	0.00012515	0.00007057	0	0	0.00000369	0	0.00005729	0	0	0.00001526	0	0.00005033	0	0	0.00025748	0.00002954	0	0	0	0	0	0	0.00002828	0	0	0	0	0	0	0	0	0	0	0	0	0.00075304	0
Peptoniphilus	0	0.00004642	0	0.00000461	0	0.000005	0.00010536	0	0.00002734	0	0	0	0	0	0	0	0.00000922	0	0	0	0	0.0000326	0	0	0	0	0	0	0	0.00004724	0	0	0	0	0	0	0.000108	0	0	0.0000282	0
Parvimonas	0	0.00004629	0.00001654	0.0000046	0.0000165	0.00000499	0.00001751	0	0.00001947	0.00001673	0.00001	0	0	0.00001734	0	0	0	0.00006534	0	0	0.00003254	0	0	0.00003533	0	0.00003245	0.00003215	0	0	0	0	0	0.00010052	0	0	0	0	0	0	0	0
Anaerococcus	0	0.00012519	0.00001074	0.00001597	0	0.0000089	0.00005202	0	0.00001052	0	0.00002971	0	0	0.00001563	0.00001225	0.00004285	0.00005683	0	0	0.00004057	0	0	0	0	0.00001027	0.00001461	0	0	0.00004993	0	0	0	0.00001996	0	0	0	0.0000485	0	0.00026922	0.00020423	0.00007205
Syntrophomonas	0	0	0	0	0	0	0	0	0	0	0	0	0	0	0	0	0.00002135	0	0	0	0	0	0	0	0	0	0	0	0	0	0	0	0	0	0	0	0	0	0	0	0
Syntrophothermus	0	0	0	0	0	0.00000265	0	0	0	0	0	0	0	0	0	0.00002359	0	0	0	0	0	0	0	0	0	0	0	0	0	0	0	0	0	0	0	0	0	0	0	0	0
Unclassified Peptostreptococcaceae	0.0002506	0.00215806	0.00078861	0.00055551	0.00015311	0.00013576	0.00035532	0.00036339	0.00025841	0.00038237	0.00036307	0.00031783	0.00023521	0.00077637	0.00038638	0.00034411	0.00041389	0.00076056	0.00043191	0.00057528	0.00098811	0.00049797	0.00081124	0.0001704	0.00029391	0.00019077	0.00037391	0.00032932	0.0003347	0.00064413	0.00040498	0.0004968	0.00136345	0.00028739	0.000102	0.00063114	0.00163177	0.00107038	0.0010788	0.00046595	0.00485239
Filifactor	0	0	0.00001475	0.0000041	0	0	0	0	0.00000347	0	0	0	0	0.00001547	0	0.0000297	0	0	0	0	0.00002902	0	0.00003067	0	0	0.00007235	0	0	0.00004944	0	0	0.00004733	0	0	0	0	0	0	0	0	0
Sporacetigenium	0.00037439	0.00056704	0.0011575	0.00037033	0.00008751	0.0000548	0.00006023	0	0.00025004	0.00002238	0.00062191	0.00029721	0.00002084	0.00020714	0.00008692	0.00017498	0.00046409	0.00076726	0.00003278	0.00077131	0.00062958	0.00016772	0.00008049	0.00002701	0.00005057	0.00021081	0.00011366	0.00062451	0.00003178	0.00032409	0.00004163	0.00007605	0.00070112	0.00024637	0.00039985	0.00033531	0.00028814	0.00005038	0	0.00008597	0.00024052
Peptostreptococcus	0.00007561	0.00019564	0.00009077	0.00000752	0.0000315	0.00002721	0.00008795	0	0.00007753	0.00002509	0	0.00004893	0.00000599	0.00003793	0.00002523	0.00009533	0.00044146	0.00010262	0.00005083	0.00011915	0.00000887	0.00003333	0.00002363	0	0.00002793	0.00002654	0.00024985	0.00000871	0.00009824	0.00010944	0	0.0000434	0.00004111	0.00014381	0.00025933	0.00027102	0.00004405	0	0	0.00016355	0.00002288
Heliobacterium	0	0	0.00000458	0	0	0.00000345	0.0000097	0	0.00000863	0	0	0.00001894	0	0.00001602	0	0	0	0.0000362	0.00003168	0	0	0.00005403	0	0.00001958	0	0	0.00003563	0	0	0	0	0.0000147	0.00002785	0	0	0	0	0	0	0	0
Unclassified Lachnospiraceae	0.02270117	0.08606714	0.05016927	0.02372668	0.0537487	0.06999492	0.01329292	0.00613964	0.01585131	0.02409891	0.02858098	0.01877146	0.02754079	0.0346941	0.01949263	0.01345943	0.02014612	0.09453568	0.05400805	0.04609564	0.04903577	0.05224675	0.02660915	0.00587281	0.03545559	0.01148608	0.01732815	0.02638349	0.0249852	0.04724745	0.01446762	0.01600474	0.03266628	0.04465106	0.03334218	0.02348259	0.03284652	0.00091447	0.00003556	0.00240677	0.01021821
Oribacterium	0.00004743	0.00002931	0.00004732	0.00003503	0.00003502	0.00001981	0.0000223	0.00006022	0.00003343	0.00001408	0.00001259	0.00002176	0.00001468	0.00001472	0.00000982	0.00004982	0.00015415	0.0000312	0.00004551	0.00007926	0.0000725	0.00008278	0.00002189	0.00001125	0.00009239	0.00004085	0.00004071	0.00004069	0.00018821	0	0.00004589	0.00010134	0.00019198	0.00003689	0	0.00008177	0.00011999	0	0	0	0
Coprococcus	0.01594243	0.03877863	0.00829207	0.01063818	0.00547985	0.00674175	0.00485286	0.00214813	0.00435584	0.01100201	0.00449593	0.01172303	0.00397111	0.01054429	0.02353535	0.00773338	0.00585091	0.04415555	0.0087095	0.01641087	0.02092949	0.01463438	0.00295136	0.00306031	0.01667608	0.00618638	0.00362649	0.01386197	0.00900656	0.00846511	0.00400529	0.00520611	0.01176547	0.00564823	0.00534706	0.01366397	0.017551	0.00026087	0.00001885	0.0015861	0.00198851
Roseburia	0.00839634	0.04544398	0.05209823	0.01349262	0.00818179	0.00830782	0.00249954	0.00222968	0.00638452	0.01616933	0.00219302	0.00979963	0.00398082	0.00925633	0.02495221	0.01786918	0.00958342	0.01314055	0.02959587	0.05707284	0.04294726	0.04097388	0.00636065	0.00461188	0.01137918	0.02341555	0.00639642	0.00559451	0.01549525	0.03953973	0.0130577	0.02680453	0.00638873	0.00453819	0.2506211	0.04036311	0.05249463	0.00094675	0	0.00057441	0.00149543
Catonella	0.00011071	0.00023994	0.00006277	0.00005742	0.00002762	0.00003725	0.00010434	0.00009548	0.00008773	0.00006008	0.00005223	0.0000572	0.0000413	0.00011892	0.00007048	0.00011959	0.00021175	0.00018	0.00011483	0.00012212	0.00013546	0.00005838	0.00001684	0.00004326	0.00020765	0.00003973	0.00005249	0.00004696	0.00029862	0.00009421	0.00025886	0.00010395	0.00018461	0.00012915	0.00018632	0.00007793	0.00045683	0	0	0	0
Dorea	0.00395459	0.03091497	0.02177863	0.01137338	0.00299562	0.00492563	0.00145824	0.0009916	0.00380596	0.0042	0.00322889	0.00280669	0.00635877	0.00339743	0.00463214	0.00244301	0.00312663	0.01436603	0.00649314	0.01307699	0.01681682	0.01837458	0.00332603	0.00164578	0.0078351	0.00823965	0.00283103	0.00417255	0.00166618	0.00808773	0.00229725	0.00239754	0.00196294	0.00280994	0.00975859	0.00477655	0.00390916	0.00080754	0.00000699	0.00183368	0.00062598
Shuttleworthia	0.00005918	0.00003636	0	0.00000361	0	0.00001665	0	0	0.00000612	0.00003285	0.00007853	0.00004027	0.00000685	0.00000454	0.00005652	0.00002615	0	0	0.00004491	0	0.00007241	0	0.00000675	0.00008325	0	0	0	0	0	0	0	0	0	0	0	0	0	0	0	0	0
Anaerostipes	0.00496182	0.04958098	0.01282593	0.00247337	0.0021567	0.00391387	0.00388322	0.00004649	0.000888	0.00083214	0.00081975	0.00066636	0.00165767	0.00180694	0.00190553	0.00157759	0.00218874	0.00343838	0.00808206	0.00171943	0.02073279	0.00853429	0.0004792	0.00022884	0.00439572	0.00193409	0.00146411	0.00049417	0.00045984	0.00109162	0.00033163	0.00025379	0.00464702	0.00261155	0.00836589	0.00177317	0.08422954	0.00015136	0.00016473	0.00049317	0.00433287
Anaerofustis	0	0.0001381	0.00005551	0.00014745	0.00007385	0.00003533	0.0000653	0	0.00000871	0	0	0	0	0	0	0	0	0	0	0.00002325	0.00001213	0	0	0.00003953	0.00002547	0	0.00002398	0	0	0	0.00003611	0.00003957	0	0	0	0	0	0	0	0.00002796	0
Eubacterium	0.03460012	0.00956317	0.0073662	0.00986877	0.00478543	0.00430092	0.00727166	0.00267793	0.00410971	0.0062588	0.00235743	0.00464208	0.00212953	0.00424602	0.00397339	0.01392662	0.00365069	0.0328402	0.00908899	0.03018437	0.00851607	0.00601667	0.00904237	0.00339275	0.00468589	0.00207034	0.00366797	0.0037717	0.00263194	0.01031503	0.0041035	0.00305629	0.00581477	0.00391288	0.00952	0.0024874	0.00776587	0.00004156	0	0.00254071	0.00063602
Blautia	0.0189648	0.09483278	0.0583278	0.1018554	0.00806225	0.01142055	0.00560877	0.00191022	0.00567054	0.00408879	0.0122716	0.0035335	0.0114167	0.00805788	0.00938478	0.00486836	0.00902284	0.02199719	0.01172887	0.01060614	0.03359739	0.02745573	0.00803528	0.00279534	0.00995539	0.00899332	0.01023848	0.00909973	0.00463335	0.00670894	0.00260905	0.00431815	0.00697613	0.00513472	0.00789254	0.00993769	0.01396384	0.00012911	0.00020082	0.06449291	0.00401083
Anaerosporobacter	0	0.00004882	0.00000872	0.00000485	0.00002707	0.00002366	0.00002462	0	0.00000958	0.00004312	0	0.00001202	0.0000046	0.00001321	0.00001626	0.00000585	0.00002156	0.00005168	0.0000268	0.00001643	0.00007244	0	0	0	0	0	0	0.00000936	0.00005196	0.00000552	0.0000624	0	0.0000265	0.00005493	0	0	0.0000631	0	0.00001261	0	0.00006817
Marvinbryantia	0.0001129	0.0087741	0.00020289	0.00021269	0.00006903	0.00011208	0.00007434	0.00019039	0.00013493	0.00009922	0.00002247	0.00015685	0.00025814	0.00023604	0.00016461	0.0000977	0.00006203	0.00026106	0.00014013	0.00009145	0.00085259	0.00017859	0.00021466	0.00007941	0.00023876	0.00007697	0.0003332	0.00018158	0.00002076	0.00007647	0.00004534	0.00006957	0.00018669	0.00006585	0.0001623	0.00015143	0.00022525	0	0	0.00000468	0.00002095
Carboxydothermus	0	0	0	0.00000326	0	0	0.00001242	0	0	0	0	0	0	0	0	0	0	0	0	0	0	0	0	0	0	0	0	0	0	0	0	0	0	0	0	0	0	0	0	0	0
Caldicellulosiruptor	0	0	0	0	0	0	0	0	0.00000227	0	0	0	0	0	0	0	0	0	0	0	0	0	0	0	0	0	0	0	0	0	0	0	0	0	0	0	0	0	0	0	0
Halothermothrix	0	0	0	0	0	0.0000033	0	0	0.00000772	0	0	0	0	0	0	0	0	0	0	0	0	0	0	0.00002335	0	0	0	0.00002112	0	0	0	0	0	0	0	0	0	0	0	0	0
Ammonifex	0	0	0	0	0	0	0	0	0	0	0	0	0	0	0	0	0	0	0	0	0	0	0	0	0	0	0.00002573	0	0	0	0	0	0	0	0	0	0	0	0	0	0
Caldanaerobacter	0	0	0	0	0	0.00000158	0	0	0.00000493	0	0	0	0	0	0	0	0	0	0	0	0	0	0	0	0	0	0	0	0	0	0	0	0	0	0	0	0	0	0	0	0
Moorella	0	0	0	0	0	0.00000162	0	0	0.00000252	0	0	0	0	0	0	0	0	0	0	0	0	0	0	0	0	0	0	0	0	0	0	0	0	0	0	0	0	0	0	0	0
Thermoanaerobacter	0	0	0.00000611	0	0.00001167	0	0	0	0.00000279	0	0	0.00001209	0	0	0	0	0	0.00002311	0	0	0	0	0.00002432	0.00002534	0.00002462	0	0.00002305	0.0000382	0	0	0	0	0	0.00004064	0	0	0	0	0	0	0
Bulleidia	0.00030149	0.00005557	0	0	0.00005943	0.00000299	0	0	0.00001402	0.00004016	0.000012	0	0	0	0	0	0	0.00001307	0	0	0	0	0	0	0	0.00003895	0	0	0	0.00005655	0	0	0	0	0	0	0	0	0	0	0
Catenibacterium	0.03006735	0.00030513	0.00005802	0.00002053	0.00140008	0.00226963	0.00011728	0.00021319	0.00335586	0.00522006	0	0.00156626	0.00001855	0.0001051	0.00002951	0.00009204	0.00008997	0.00006252	0.00007903	0.00417504	0.00017297	0.0001175	0	0.00002254	0.00003993	0.00003104	0.00280965	0.00009174	0.00001768	0.00572961	0.00009265	0.00003385	0.00019235	0.00003738	0	0.00001646	0.00042938	0.00007474	0.00004575	0.00002391	0
Coprobacillus	0.00021852	0.00472638	0.00064307	0.00024469	0.00040383	0.00033743	0.00020926	0.00001135	0.00014827	0.00005057	0.00112131	0.00006256	0.00040748	0.00198459	0.00002042	0.00004328	0.00035773	0.0005656	0.00037406	0.00017179	0.00055446	0.00138126	0.00010464	0.00004752	0.0004938	0.00028733	0.00110355	0.00001529	0.00021598	0.00028154	0.00007653	0.00003605	0.00063912	0.00013868	0.00024986	0.00043365	0.00119429	0.00010764	0	0.00002547	0.00074263
Erysipelothrix	0	0	0.00003259	0	0	0.00001228	0.00005176	0	0.00000384	0.00001648	0	0	0	0	0	0	0	0	0	0	0	0	0	0	0	0	0	0	0	0	0	0	0	0	0	0	0	0	0	0.00001847	0
Holdemania	0.00051691	0.00043288	0.00081267	0.00110655	0.0002008	0.00016997	0.00053384	0.00177452	0.00088661	0.00066067	0.00058696	0.00023079	0.00030236	0.00065185	0.00059122	0.00080187	0.00113722	0.00098253	0.00068856	0.00059078	0.00058247	0.00115722	0.0008305	0.00080112	0.00072984	0.00015229	0.00166112	0.0005989	0.00185721	0.00271123	0.00141068	0.00183529	0.00268016	0.0010325	0.00017627	0.00109562	0.0023934	0.00005077	0	0.00018002	0.00007271
Turicibacter	0.00021737	0.00002671	0.00006679	0	0.00000952	0.00000575	0.00008587	0.00002892	0.00002696	0.00008687	0	0.00000986	0	0.00005003	0.00003558	0.00001921	0.00004246	0.00007539	0.00004949	0.00003596	0	0.00003751	0	0.00004077	0	0	0.00013603	0.00002766	0	0	0	0	0	0	0	0.00002978	0	0	0	0	0
Bacteroides	0.0001494	0.0000705	0.05774625	0.05419578	0.05414964	0.04177826	0.1470976	0.02028051	0.05744886	0.0161095	0.54668312	0.09286852	0.17824694	0.12396549	0.09637892	0.11868019	0.33198288	0.10582637	0.04453432	0.03612382	0.09317979	0.15183519	0.17290091	0.01797328	0.15709261	0.03165512	0.0658165	0.03124568	0.34584542	0.03955521	0.05961692	0.24341582	0.10420532	0.3764159	0.39640911	0.34306012	0.21288424	0.00150148	0.00000733	0.00001148	0.00490534
Unclassified Porphyromonadaceae	0	0	0	0	0.00002524	0	0	0	0	0	0	0	0	0	0	0	0	0	0	0	0	0	0	0	0	0	0	0	0	0	0	0	0	0	0	0	0	0	0	0	0
Parabacteroides	0	0.00003202	0.00709511	0.00473679	0.00544593	0.00372461	0.00773108	0.00406879	0.0078311	0.00330585	0.01528305	0.00401453	0.02408696	0.01301853	0.00445809	0.00848581	0.01566106	0.0099111	0.00573934	0.00778956	0.01443772	0.01844073	0.02448562	0.00186866	0.01360481	0.00402671	0.00664902	0.00209524	0.00990354	0.00478261	0.00438324	0.01024103	0.00956187	0.03556584	0.0287807	0.03680637	0.00367886	0.00009032	0	0	0.00045717
Porphyromonas	0	0	0.00000628	0.00000349	0.00057755	0.00032351	0.0001851	0.00005987	0.00007778	0.00018152	0.00066745	0.000066	0.00020859	0.00032033	0.00003124	0.0003496	0.00020931	0.00026015	0.00001086	0.00010655	0.00034532	0.00010425	0.00007318	0.0000604	0.00004633	0.00013599	0.00006921	0.00026491	0.00019221	0.00002284	0	0.0004214	0.00033751	0.0012003	0	0.00002987	0.00002222	0	0	0	0
Prevotella	0.00021861	0.00002488	0.00053382	0.00066867	0.24449648	0.16858615	0.00193614	0.00161688	0.00207882	0.0604656	0.00832809	0.33699481	0.23320513	0.00394533	0.0019181	0.00194143	0.00277611	0.00190286	0.07170562	0.09224028	0.00170561	0.00115125	0.003607	0.00155363	0.00183685	0.35450804	0.00653855	0.08196811	0.00179125	0.00249746	0.01896022	0.00282521	0.00116983	0.0023236	0.00473931	0.00244243	0.00105555	0.0000696	0	0	0.00042869
Alistipes	0	0.00003092	0.00223037	0.00591334	0.03436218	0.01559203	0.03772014	0.05041118	0.01668616	0.00224233	0.00430455	0.00801599	0.00802594	0.091233	0.04145737	0.01719325	0.04099822	0.02768956	0.00655912	0.00965015	0.04890117	0.01989851	0.03855485	0.03994006	0.07203981	0.00115815	0.01138535	0.02187094	0.01443686	0.01615348	0.00821703	0.00842787	0.00936411	0.02839335	0.00172788	0.00796483	0.00087713	0.00026766	0	0	0.00048706
Capnocytophaga	0	0	0	0	0	0.00000142	0	0	0.00000871	0	0	0	0	0	0	0	0	0	0	0	0	0	0	0.00000451	0	0	0	0	0	0	0	0	0	0	0	0	0	0	0	0	0
Chryseobacterium	0	0	0	0	0	0	0	0	0	0	0	0	0.00001065	0	0	0	0	0	0	0	0	0.00000992	0	0	0	0	0	0	0	0	0	0	0	0	0	0	0	0	0	0	0
Croceibacter	0	0	0	0	0	0	0	0.00000964	0	0.00000483	0	0	0	0	0	0	0	0	0	0	0	0	0	0	0	0	0	0	0	0	0	0	0	0	0	0	0	0	0	0	0
Zunongwangia	0.00001669	0	0	0	0	0	0	0	0	0	0	0	0	0	0	0	0	0	0	0	0	0	0	0	0	0	0	0	0	0	0	0	0	0	0	0	0	0	0	0	0
Cytophaga	0	0	0	0	0	0.00000096	0	0.00001927	0.0000015	0	0	0	0.00000671	0	0	0	0	0	0	0	0	0	0	0	0	0	0	0	0	0	0	0	0	0	0	0	0	0	0	0	0
Dyadobacter	0	0	0	0	0	0.00000244	0.00000428	0	0.00000857	0	0	0	0	0	0	0	0	0	0	0	0	0	0	0	0	0	0	0	0	0	0	0	0	0	0	0	0	0	0	0	0
Bacillales	0	0	0	0	0	0	0	0	0	0	0	0	0	0.00000873	0	0	0	0.00001645	0	0	0	0	0	0	0	0	0	0.00000805	0	0	0	0	0	0	0	0	0	0	0	0	0
Pedobacter	0	0	0	0	0	0	0	0	0.00000128	0	0	0	0	0	0	0	0	0	0	0	0	0	0	0	0	0	0	0	0	0	0	0	0	0	0	0	0	0	0	0	0
Sphingobacterium	0	0	0	0	0	0.00000082	0	0.00000272	0	0	0	0	0	0	0	0	0	0	0	0.0000203	0	0	0	0	0	0.00015284	0	0	0.00002707	0.00001534	0	0	0	0	0.00037507	0	0	0	0	0	0
Alicyclobacillus	0	0	0	0	0	0	0.00002965	0	0	0	0	0	0	0	0	0	0	0	0	0	0	0	0	0	0	0	0	0	0	0	0	0	0	0	0	0	0	0	0	0	0
Actinomycetales	0	0	0.00000559	0	0	0	0	0.0000113	0	0	0	0	0	0	0	0	0	0	0	0.00002107	0	0	0.00013947	0	0	0	0.00002174	0	0	0	0	0	0	0	0	0	0	0	0	0	0
Actinomyces	0.00059957	0.00202553	0.00006428	0.0001163	0.00001156	0.00001055	0.00009909	0.00025981	0.00004939	0.00003554	0.00029618	0.00003635	0.00009857	0.00010991	0.00034857	0.00004691	0.00020809	0.00085006	0.00004007	0.00056125	0.00022955	0.00004591	0.00034845	0.00073681	0.00012114	0.00176636	0.00115388	0.00053176	0.00084204	0.00062903	0.00159887	0.00015058	0.00049292	0	0.00008885	0	0	0.00087092	0.00104732	0.00018543	0.02351391
Mobiluncus	0.00001658	0.00003216	0.00000862	0.00000319	0	0.00000884	0.00001217	0.00004644	0.00002047	0.0000155	0.00002965	0.00000594	0.00004257	0.00002518	0.00001881	0.00002314	0.00002557	0.00000757	0.00000662	0	0.00001771	0.00004517	0	0	0	0	0.00002234	0.00004441	0.00007854	0.00003273	0.00003364	0	0	0	0	0.00001626	0.00001256	0	0.00017568	0.00002605	0.00006118
Corynebacterium	0.00001702	0.00004968	0.0000583	0.00036737	0.00000839	0.00000338	0.00001656	0	0.00000989	0.00001134	0.00001298	0.00000796	0.0000181	0.00001028	0.00003477	0.00026998	0.00000831	0.00001199	0.00001857	0.00009813	0.00002113	0.00002938	0.00009583	0.0000247	0.00004532	0.00002497	0.00000545	0.00001804	0.00001879	0.00001129	0	0.00005388	0	0.00005372	0	0	0	0	0.00003694	0.00218414	0.00126566
Gordonia	0	0	0	0	0	0.00000082	0	0	0	0	0	0	0	0	0	0	0	0	0	0	0	0	0	0	0	0	0	0	0	0	0	0	0	0	0	0	0	0	0	0	0
Nocardia	0	0	0	0	0	0	0	0	0	0.00000473	0	0	0	0	0	0	0	0	0	0	0	0	0	0	0	0	0	0	0	0	0	0	0	0	0	0	0	0	0	0	0
Anoxybacillus	0	0	0	0	0	0	0	0	0	0.00002003	0	0	0	0.00001038	0	0	0	0	0	0	0	0	0	0	0	0	0	0	0	0	0	0	0	0	0	0	0	0	0	0	0
Rhodococcus	0	0	0	0	0.00001756	0.00000054	0	0.00002215	0	0.00003589	0.00001569	0	0	0	0.00001668	0	0	0.00000913	0.00003738	0.00002501	0	0	0.00002759	0	0.00013516	0	0.00000841	0.00000836	0	0	0	0	0	0	0	0	0	0	0	0	0
Bacillus	0	0.00001833	0.0000178	0	0.00000669	0.00000283	0.00002281	0	0.00000583	0.00001417	0	0.00000553	0.00000353	0	0	0	0.0000283	0	0.00001808	0	0	0	0	0.00004559	0	0	0.0000065	0	0	0.00001537	0	0.00002145	0.00006402	0	0	0	0	0	0	0	0.00000754
Stackebrandtia	0	0	0	0	0.00000411	0.00000041	0	0	0	0	0	0	0	0	0	0	0	0	0	0	0	0	0	0	0	0	0	0	0	0	0	0	0	0	0	0	0	0	0	0	0
Brevibacterium	0	0	0	0	0	0	0	0	0	0	0	0	0	0	0.00002051	0.00006644	0	0	0	0	0	0	0	0	0	0	0	0	0	0	0	0	0	0	0	0	0	0	0	0.00004572	0
Exiguobacterium	0.00002821	0	0.00000464	0	0	0	0	0	0.00000219	0	0	0	0	0	0	0.00001891	0	0	0	0	0	0	0	0	0	0	0.00001204	0	0	0	0	0	0	0	0	0	0	0	0	0	0
Kytococcus	0	0	0	0	0	0	0	0	0	0	0	0	0	0	0	0	0	0	0	0	0	0	0	0	0	0	0	0.00001955	0	0	0	0	0	0	0	0	0	0	0	0.00009175	0
Geobacillus	0	0	0	0	0	0	0.00002584	0	0.00000192	0	0	0	0	0	0	0	0	0	0.0000134	0	0	0	0	0	0	0	0.00001506	0	0	0	0	0	0	0	0	0	0	0	0	0	0
Micrococcus	0	0	0	0	0	0	0	0	0	0	0	0	0	0	0	0	0	0	0	0	0	0	0.00000781	0	0	0	0	0	0	0	0	0	0	0	0	0	0	0	0	0.00004465	0
Rothia	0	0.00006981	0	0	0	0.00000376	0.00001196	0	0.00000293	0.00003792	0	0	0	0	0.0000232	0.00010043	0	0.00002458	0	0.000146	0.00002453	0	0.00005196	0.00002542	0.00002576	0.00014696	0.00009695	0.0000482	0	0.00008892	0.0025393	0	0.0007331	0.00008856	0	0	0	0.00022084	0.00001355	0.00005659	0.00164959
Xylanimonas	0	0	0	0	0	0	0	0	0	0	0	0	0	0	0	0	0	0	0	0	0	0	0.00001565	0	0	0	0	0	0	0	0	0	0	0	0	0	0	0	0	0	0
Oceanobacillus	0	0	0	0	0	0.00000117	0.00002466	0	0.00000762	0.00000785	0	0	0	0	0.00001447	0	0	0.00001533	0.00002684	0	0	0	0	0	0	0	0	0	0	0	0	0	0	0	0	0	0	0	0	0	0.00005251
Propionibacterium	0.00049074	0.00003081	0.00002242	0.00000313	0	0	0.00003202	0.00001136	0	0	0.00002704	0	0	0.00020171	0.00022294	0.00017562	0	0	0.00001963	0	0.00004332	0	0.00001947	0	0	0.00001384	0.00002182	0.0000215	0.00001259	0	0	0	0	0	0	0.0001314	0	0	0	0.01226208	0.00007609
Saccharopolyspora	0	0	0	0	0	0	0	0.00000347	0	0	0	0	0	0	0	0	0	0	0	0	0	0	0	0	0	0	0	0	0	0	0	0	0	0	0	0	0	0	0	0	0
Streptomyces	0	0	0	0	0	0	0	0.00000305	0	0	0	0	0	0	0	0	0	0	0	0	0	0	0	0	0	0	0	0	0	0	0	0	0	0	0	0	0	0	0	0.00000315	0
Bifidobacterium	0.16559211	0.01464963	0.05532359	0.20264694	0.00054682	0.00019326	0.01654659	0.02735906	0.00500706	0.00471241	0.02639258	0.01060375	0.00359654	0.01517927	0.05138744	0.02743193	0.00620278	0.02373073	0.11384989	0.00858179	0.00037547	0.00348637	0.06116476	0.09065599	0.05729599	0.03761135	0.04251448	0.05768629	0.02087656	0.04955604	0.04409838	0.11811154	0.09008786	0.05905813	0.01363817	0.04136063	0.01536003	0.0003041	0.89671394	0.75091601	0.12224387
Gardnerella	0	0	0	0	0	0	0	0	0.00001231	0	0.00002723	0	0	0.00001523	0	0.00001754	0	0	0	0.00001642	0	0.00001141	0	0	0	0.00001709	0	0	0	0	0	0.00002795	0	0	0	0	0.00005443	0	0.00003625	0	0
Parascardovia	0	0	0	0	0	0	0	0	0.0000035	0	0	0	0	0	0.0000277	0	0	0	0	0.00005599	0	0	0.00006177	0.00009521	0	0	0	0	0	0	0	0	0.00004514	0	0	0	0	0	0	0	0
Scardovia	0	0	0	0	0	0	0	0	0	0	0	0	0	0	0	0	0	0	0	0.00016192	0	0	0	0	0	0.00006129	0.00003037	0	0	0	0	0	0	0	0	0	0	0	0	0	0
Atopobium	0.00142926	0.00020824	0	0.00002042	0.00001822	0.00000571	0.00008716	0	0.00001387	0.00002462	0.00004581	0.00001015	0	0.00003731	0.00013615	0	0.00004061	0.00003606	0	0.00003266	0.00003591	0.00001286	0	0.000039	0	0.00003581	0.00003549	0	0	0.00004936	0.00005748	0	0.00010532	0	0	0.00003063	0.0000959	0	0	0.00006896	0.00009495
Collinsella	0.0756684	0.0716398	0.00005583	0.03577404	0.00143849	0.00041028	0.00501031	0.00631471	0.00109049	0.00354644	0.01480358	0.00067503	0.01624345	0.00013903	0.01895055	0.0016333	0.00398751	0.00260428	0.01554794	0.02723139	0.00028904	0.04264861	0.00004734	0.01821623	0.02912533	0.04899352	0.02224194	0.07260863	0	0.01058154	0.01087245	0.01266667	0.02177568	0.00749	0.00195576	0.03387083	0.00137898	0.00004092	0	0	0.00027291
Cryptobacterium	0.00005291	0	0	0	0	0.00000263	0.00000922	0	0	0	0	0	0.00001838	0	0	0	0	0.00003441	0.00003012	0	0.00001714	0.00003424	0	0	0.00003596	0.00006835	0	0	0	0	0	0	0	0	0	0	0	0	0	0	0
Eggerthella	0.00047132	0.00320678	0.001606	0.00132109	0.00006194	0.00002846	0.00022179	0.00026131	0.00004932	0.00007194	0.00196994	0.00004009	0.00027555	0.00120415	0.00065825	0.00021869	0.00009494	0.00015581	0.00018779	0.0003168	0.00079504	0.0004092	0.02792088	0.00442005	0.00082497	0.00034501	0.00084463	0.00030737	0.00066309	0.00023205	0.00010221	0.00008297	0.00144609	0.00373417	0.00022309	0.00147885	0.00044209	0	0	0.0067701	0.00210816
Gordonibacter	0.00069196	0.00169797	0.0002968	0.00048639	0.0001325	0.00003552	0.00026877	0.00019335	0.00004046	0.00010534	0.0003746	0.00004036	0.00084318	0.00077813	0.0022623	0.00023195	0.00095289	0.000324	0.00038035	0.00026495	0.00025356	0.00127934	0.00036807	0.00296742	0.0004381	0.00047758	0.0009566	0.00078994	0.00013089	0.00024474	0.00007622	0.000071	0.00014242	0.00020757	0	0.00019498	0.00001272	0	0	0.00033404	0
Slackia	0.00028238	0.00006255	0	0.0000248	0.00004007	0.00001344	0.00005693	0.00006915	0.00001677	0.00001351	0	0.0000092	0.00000939	0.00001245	0.00017905	0	0.00001981	0.00002638	0.00001539	0.00016007	0.00001752	0.00002625	0.00008385	0.00003338	0.00002776	0.00008186	0.00008383	0.00016133	0.00002984	0.00002536	0	0	0.0000451	0	0	0	0	0	0	0	0
